{
  "base_link": [
    0.0,
    0.0,
    0.0
  ],
  "left_hip_pitch_link": [
    -0.00042525503768473,
    -0.00048134191365865593,
    0.0007158634473654723
  ],
  "left_hip_roll_link": [
    0.0026531546656640382,
    -0.00031264983178415557,
    0.0008797674009468326
  ],
  "left_hip_yaw_link": [
    0.008257863092162716,
    -4.344994605155861e-05,
    0.0016962416043039175
  ],
  "left_knee_link": [
    0.014500762326954046,
    0.0002564026858948375,
    0.0026056852104074106
  ],
  "left_ankle_pitch_link": [
    0.026529289459053893,
    0.0007604292212633029,
    -0.0012033093369959713
  ],
  "left_ankle_roll_link": [
    0.026529289459053893,
    0.0007604292212633029,
    -0.0012033093369959713
  ],
  "right_hip_pitch_link": [
    -0.0003299173537713,
    0.0004612838123610173,
    0.00029765423889442367
  ],
  "right_hip_roll_link": [
    0.00274921241001224,
    0.0005978929898701184,
    0.00045948147124007076
  ],
  "right_hip_yaw_link": [
    0.008364069483402273,
    0.0009194359819100679,
    0.0012222180656703474
  ],
  "right_knee_link": [
    0.01461827304782388,
    0.0012775922680127725,
    0.002071805129100234
  ],
  "right_ankle_pitch_link": [
    0.026632461308413746,
    0.0019007735950943678,
    -0.0017159634705419945
  ],
  "right_ankle_roll_link": [
    0.026632461308413746,
    0.0019007735950943678,
    -0.0017159634705419945
  ],
  "waist_yaw_link": [
    -0.0033810411192082735,
    -0.00016956138506311547,
    -0.0003799652768580786
  ],
  "waist_roll_link": [
    -0.005263249752852465,
    -0.00026395536319156874,
    -0.0005914900412270507
  ],
  "waist_pitch_link": [
    -0.005263249752852465,
    -0.00026395536319156874,
    -0.0005914900412270507
  ],
  "head_yaw_link": [
    -0.018310863863560983,
    -0.0009138325352137787,
    -0.0017202789795706264
  ],
  "head_pitch_link": [
    -0.019644425932251047,
    -0.0009794744778242918,
    -0.0017932075571885653
  ],
  "left_shoulder_pitch_link": [
    -0.014848340001053267,
    -0.001278794781783733,
    -0.0006702590296566213
  ],
  "left_shoulder_roll_link": [
    -0.014868317791603717,
    -0.001467737759778339,
    -0.0005171814871881919
  ],
  "left_shoulder_yaw_link": [
    -0.013335467608869838,
    -0.001224313263301302,
    -0.0009740441444770686
  ],
  "left_elbow_link": [
    -0.011977498509825865,
    -0.001008660670548301,
    -0.0013787838106169815
  ],
  "left_wrist_yaw_link": [
    -0.011744174260779148,
    -0.0010135078193157787,
    0.00018761720005235018
  ],
  "left_wrist_pitch_link": [
    -0.011669144709370383,
    -0.0010154448243276492,
    0.0006425221339256781
  ],
  "left_wrist_roll_link": [
    -0.011539843126219631,
    -0.0011872141697467442,
    0.0009627680990907161
  ],
  "right_shoulder_pitch_link": [
    -0.014732904607656042,
    -0.00018704790433038244,
    -0.0015547688808368587
  ],
  "right_shoulder_roll_link": [
    -0.014712926815664867,
    1.8950713690282783e-06,
    -0.0017078464289327177
  ],
  "right_shoulder_yaw_link": [
    -0.013134797471477368,
    -0.00011765831988816922,
    -0.0024986588606932636
  ],
  "right_elbow_link": [
    -0.011736714905180823,
    -0.00022357143424604097,
    -0.0031992489050869976
  ],
  "right_wrist_yaw_link": [
    -0.011462326751130389,
    -0.00013937458084476773,
    -0.0019201687962305258
  ],
  "right_wrist_pitch_link": [
    -0.011375374963802748,
    -0.00011361500671777324,
    -0.0015477392458500638
  ],
  "right_wrist_roll_link": [
    -0.011230024401116508,
    0.00010437502860152992,
    -0.0013855277967896806
  ]
}